﻿<?xml version="1.0" encoding="UTF-8"?>
<!DOCTYPE NEWSPAPER [
<!ELEMENT NEWSPAPER (ARTICLE+)>
<!ELEMENT ARTICLE (HEADLINE,BYLINE,LEAD,BODY,NOTES)>
<!ELEMENT HEADLINE (#PCDATA)>
<!ELEMENT BYLINE (#PCDATA)>
<!ELEMENT LEAD (#PCDATA)>
<!ELEMENT BODY (#PCDATA)>
<!ELEMENT NOTES (#PCDATA)> 

<!ATTLIST ARTICLE AUTHOR CDATA #REQUIRED>
<!ATTLIST ARTICLE EDITOR CDATA #IMPLIED>
<!ATTLIST ARTICLE DATE CDATA #IMPLIED>
<!ATTLIST ARTICLE EDITION CDATA #IMPLIED>
]>

<NEWSPAPER>
<ARTICLE  AUTHOR="ANTON">
<HEADLINE>TITULUA</HEADLINE>
<BYLINE>AZPITITULUA</BYLINE>
<LEAD>LEAD</LEAD>
<BODY>GORPUTZA</BODY>
<NOTES>NOTAK</NOTES>
</ARTICLE>
</NEWSPAPER>